PAGE_NUMBER,PAGE_TYPE,NUM_ACCESSES
0,brk,3858
176,brk,3819
476,brk,3810
3,brk,3791
68,brk,3787
29,brk,3775
20,brk,3772
32,brk,3764
320,brk,3763
395,brk,3758
384,brk,3757
136,brk,3755
442,brk,3754
278,brk,3754
114,brk,3751
323,brk,3750
59,brk,3749
241,brk,3742
77,brk,3742
352,brk,3741
255,brk,3739
389,brk,3738
428,brk,3738
44,brk,3737
303,brk,3737
166,brk,3737
200,brk,3736
39,brk,3734
8,brk,3732
508,brk,3729
182,brk,3729
157,brk,3726
14,brk,3725
127,brk,3724
505,brk,3721
247,brk,3720
204,brk,3719
480,brk,3718
392,brk,3718
94,brk,3718
17,brk,3716
153,brk,3715
83,brk,3715
89,brk,3714
280,brk,3714
497,brk,3713
169,brk,3712
154,brk,3711
490,brk,3711
53,brk,3710
491,brk,3709
421,brk,3709
403,brk,3709
504,brk,3708
35,brk,3708
146,brk,3708
397,brk,3708
112,brk,3707
138,brk,3707
347,brk,3706
92,brk,3704
155,brk,3704
7,brk,3704
310,brk,3703
18,brk,3703
257,brk,3703
393,brk,3703
98,brk,3702
343,brk,3702
262,brk,3701
51,brk,3701
482,brk,3701
511,brk,3701
452,brk,3701
250,brk,3700
370,brk,3700
487,brk,3697
26,brk,3697
328,brk,3695
230,brk,3695
148,brk,3694
73,brk,3693
31,brk,3692
375,brk,3690
489,brk,3690
172,brk,3689
214,brk,3689
463,brk,3688
80,brk,3685
297,brk,3685
376,brk,3685
367,brk,3684
256,brk,3684
121,brk,3684
99,brk,3684
314,brk,3683
95,brk,3683
333,brk,3683
354,brk,3682
473,brk,3682
93,brk,3682
128,brk,3682
358,brk,3681
238,brk,3681
336,brk,3680
11,brk,3680
443,brk,3679
394,brk,3679
382,brk,3678
272,brk,3678
317,brk,3678
64,brk,3678
177,brk,3677
199,brk,3677
319,brk,3677
313,brk,3677
438,brk,3676
493,brk,3676
193,brk,3676
399,brk,3675
288,brk,3675
100,brk,3675
418,brk,3675
502,brk,3675
486,brk,3675
495,brk,3674
479,brk,3673
338,brk,3673
108,brk,3673
65,brk,3672
34,brk,3672
416,brk,3671
500,brk,3671
286,brk,3671
385,brk,3671
195,brk,3671
425,brk,3670
63,brk,3670
302,brk,3669
364,brk,3669
329,brk,3668
268,brk,3667
96,brk,3667
300,brk,3667
408,brk,3667
88,brk,3667
4,brk,3666
462,brk,3665
380,brk,3665
342,brk,3665
55,brk,3665
483,brk,3664
152,brk,3664
24,brk,3664
415,brk,3664
21,brk,3664
72,brk,3664
325,brk,3662
503,brk,3661
332,brk,3661
365,brk,3659
339,brk,3659
173,brk,3659
54,brk,3659
450,brk,3659
27,brk,3659
2,brk,3659
448,brk,3658
168,brk,3658
485,brk,3657
33,brk,3657
213,brk,3655
361,brk,3655
337,brk,3655
289,brk,3655
46,brk,3655
510,brk,3654
79,brk,3654
225,brk,3654
159,brk,3654
356,brk,3654
477,brk,3653
36,brk,3653
387,brk,3653
179,brk,3652
381,brk,3652
404,brk,3652
103,brk,3651
372,brk,3651
422,brk,3650
307,brk,3650
144,brk,3650
222,brk,3649
327,brk,3649
178,brk,3648
492,brk,3648
171,brk,3647
210,brk,3647
344,brk,3647
235,brk,3647
270,brk,3647
445,brk,3646
349,brk,3646
139,brk,3646
406,brk,3646
132,brk,3646
190,brk,3646
321,brk,3645
298,brk,3645
315,brk,3644
269,brk,3644
186,brk,3644
84,brk,3644
474,brk,3644
350,brk,3643
296,brk,3642
198,brk,3642
90,brk,3642
366,brk,3641
13,brk,3641
318,brk,3641
9,brk,3640
141,brk,3640
355,brk,3640
104,brk,3640
16,brk,3640
273,brk,3640
431,brk,3639
130,brk,3639
137,brk,3639
237,brk,3639
43,brk,3638
40,brk,3638
430,brk,3638
261,brk,3637
400,brk,3637
396,brk,3637
312,brk,3636
207,brk,3636
293,brk,3636
197,brk,3636
359,brk,3635
25,brk,3635
196,brk,3635
424,brk,3634
185,brk,3634
69,brk,3634
107,brk,3633
456,brk,3633
74,brk,3633
470,brk,3633
277,brk,3633
191,brk,3633
233,brk,3632
234,brk,3631
19,brk,3631
91,brk,3631
135,brk,3630
340,brk,3630
170,brk,3629
240,brk,3629
37,brk,3629
122,brk,3629
259,brk,3629
143,brk,3629
243,brk,3629
203,brk,3628
212,brk,3628
22,brk,3628
446,brk,3627
290,brk,3627
180,brk,3627
110,brk,3626
360,brk,3626
120,brk,3626
28,brk,3626
472,brk,3625
1,brk,3625
496,brk,3625
253,brk,3624
109,brk,3624
419,brk,3624
239,brk,3624
449,brk,3623
285,brk,3623
165,brk,3623
410,brk,3622
506,brk,3622
167,brk,3622
301,brk,3621
420,brk,3621
260,brk,3621
263,brk,3620
417,brk,3620
324,brk,3620
45,brk,3619
436,brk,3619
229,brk,3619
454,brk,3618
86,brk,3618
475,brk,3618
499,brk,3618
97,brk,3618
201,brk,3617
291,brk,3617
206,brk,3617
76,brk,3617
335,brk,3617
276,brk,3616
465,brk,3616
441,brk,3615
248,brk,3615
57,brk,3614
414,brk,3613
48,brk,3613
390,brk,3613
85,brk,3613
50,brk,3612
164,brk,3611
461,brk,3611
231,brk,3610
117,brk,3610
457,brk,3610
407,brk,3609
150,brk,3609
58,brk,3609
208,brk,3609
434,brk,3608
426,brk,3607
478,brk,3607
183,brk,3607
142,brk,3606
134,brk,3605
322,brk,3605
194,brk,3604
23,brk,3603
123,brk,3603
145,brk,3602
125,brk,3602
271,brk,3602
362,brk,3601
459,brk,3600
245,brk,3600
488,brk,3600
219,brk,3599
223,brk,3599
440,brk,3599
161,brk,3599
377,brk,3599
205,brk,3599
147,brk,3598
284,brk,3598
374,brk,3597
402,brk,3597
282,brk,3596
507,brk,3596
87,brk,3596
266,brk,3596
264,brk,3595
334,brk,3595
292,brk,3594
192,brk,3593
391,brk,3593
70,brk,3592
61,brk,3592
378,brk,3591
116,brk,3591
42,brk,3590
62,brk,3590
451,brk,3589
398,brk,3588
437,brk,3587
331,brk,3587
218,brk,3587
405,brk,3587
227,brk,3587
12,brk,3585
346,brk,3585
232,brk,3585
249,brk,3584
49,brk,3583
160,brk,3583
10,brk,3583
409,brk,3582
498,brk,3582
432,brk,3581
401,brk,3581
106,brk,3580
447,brk,3580
388,brk,3580
140,brk,3579
494,brk,3578
71,brk,3578
129,brk,3578
294,brk,3578
115,brk,3577
455,brk,3576
345,brk,3575
175,brk,3574
181,brk,3574
82,brk,3573
52,brk,3573
30,brk,3572
119,brk,3572
174,brk,3571
330,brk,3571
283,brk,3571
386,brk,3571
5,brk,3570
304,brk,3568
267,brk,3568
411,brk,3568
439,brk,3568
453,brk,3568
371,brk,3567
444,brk,3566
357,brk,3566
274,brk,3565
156,brk,3565
468,brk,3565
105,brk,3564
221,brk,3563
217,brk,3563
481,brk,3563
163,brk,3563
369,brk,3562
275,brk,3562
309,brk,3562
316,brk,3562
6,brk,3562
124,brk,3561
211,brk,3561
464,brk,3561
413,brk,3560
101,brk,3560
102,brk,3560
60,brk,3558
279,brk,3557
383,brk,3557
368,brk,3556
373,brk,3556
471,brk,3555
254,brk,3555
501,brk,3555
326,brk,3554
435,brk,3554
133,brk,3551
188,brk,3551
236,brk,3551
67,brk,3549
56,brk,3549
38,brk,3549
351,brk,3548
348,brk,3548
209,brk,3548
15,brk,3547
81,brk,3546
215,brk,3545
353,brk,3544
126,brk,3543
412,brk,3542
305,brk,3540
509,brk,3539
469,brk,3538
149,brk,3538
466,brk,3537
379,brk,3536
224,brk,3536
281,brk,3535
252,brk,3535
423,brk,3535
287,brk,3534
162,brk,3533
151,brk,3532
363,brk,3531
228,brk,3531
458,brk,3530
484,brk,3530
306,brk,3530
244,brk,3529
66,brk,3528
75,brk,3528
265,brk,3528
246,brk,3527
299,brk,3526
220,brk,3526
41,brk,3525
460,brk,3525
341,brk,3524
242,brk,3523
184,brk,3523
118,brk,3522
216,brk,3522
251,brk,3521
295,brk,3520
427,brk,3519
467,brk,3518
258,brk,3516
433,brk,3516
47,brk,3513
158,brk,3508
131,brk,3505
113,brk,3498
308,brk,3494
111,brk,3493
187,brk,3488
311,brk,3483
189,brk,3478
429,brk,3474
78,brk,3471
226,brk,3445
202,brk,3427
-9223372036854775808,unknown,1604
140737488344600,unknown,5
140737488344496,unknown,5
140737488344704,unknown,4
140737488344424,unknown,4
140737354073168,unknown,3
140737346691192,unknown,3
140737488344960,unknown,3
140737352698516,unknown,3
140737488345136,unknown,3
140737488344312,unknown,3
93824999156736,unknown,3
140737488345256,unknown,3
140737488345224,unknown,3
140737346822936,unknown,3
93824996311664,unknown,3
140737488344696,unknown,3
140737353879584,unknown,3
140737345446672,unknown,2
93825002223480,unknown,2
140737254084856,unknown,2
140737346810304,unknown,2
140737346916036,unknown,2
140737259492152,unknown,2
93824994766912,unknown,2
140737346827880,unknown,2
140737243733720,unknown,2
93824996444368,unknown,2
93824993677330,unknown,2
93824996278512,unknown,2
93824999993808,unknown,2
140737488345008,unknown,2
140737488345248,unknown,2
140737488344864,unknown,2
140737488344912,unknown,2
140737488344576,unknown,2
140737488344672,unknown,2
140737285634816,unknown,2
93824996348416,unknown,2
140737285065448,unknown,2
140737488344624,unknown,2
140737488344952,unknown,2
140737488344472,unknown,2
93824992326402,unknown,2
140737344179448,unknown,2
140737351580116,unknown,2
140737353520072,unknown,2
140737331982344,unknown,2
140737354124688,unknown,2
140737353807548,unknown,2
140737307181056,unknown,2
140737306763264,unknown,2
93824993662016,unknown,2
140737353216968,unknown,2
140737339462704,unknown,2
140737285830968,unknown,2
93824993601396,unknown,2
93825001459744,unknown,2
93824997065120,unknown,2
140737345555920,unknown,2
140737488344656,unknown,2
140737488344728,unknown,2
93824996289584,unknown,2
93824994923684,unknown,2
140737346406392,unknown,2
93825001097504,unknown,2
140737346406384,unknown,2
140737274236296,unknown,2
93824997069648,unknown,2
93824995307584,unknown,2
140737344369024,unknown,2
140737285540208,unknown,2
93824998090237,unknown,2
140737346379904,unknown,2
93825001747280,unknown,2
140737250821792,unknown,2
93824996779888,unknown,2
140737353719416,unknown,2
140737344707024,unknown,2
93824995858760,unknown,2
93824996221856,unknown,2
140737264302144,unknown,2
140737347385248,unknown,2
93825000803264,unknown,2
140737352807046,unknown,2
140737346172912,unknown,2
140737347206664,unknown,2
140737282831312,unknown,2
140737346635616,unknown,2
93825001373056,unknown,2
140737347389952,unknown,2
140737353597744,unknown,2
140737274545152,unknown,2
93825005115536,unknown,2
140737344598792,unknown,2
140737346827888,unknown,2
140737259477128,unknown,2
140737346112504,unknown,2
93825003277592,unknown,2
140737345904064,unknown,2
140737345775728,unknown,2
93824994859075,unknown,2
140737488345096,unknown,2
140737262352256,unknown,2
93824998841152,unknown,2
140737488344544,unknown,2
93824992232392,unknown,2
93824995825888,unknown,2
140737354123928,unknown,2
140737488345080,unknown,2
93824996693584,unknown,2
140737347181944,unknown,2
140737488344936,unknown,2
140737285808304,unknown,2
93824997270384,unknown,2
93824997328928,unknown,2
140737345074848,unknown,2
140737346209720,unknown,2
140737354079977,unknown,2
140737346104768,unknown,2
93825000004320,unknown,2
140737352676152,unknown,2
140737256825120,unknown,2
93824996335248,unknown,2
140737286634296,unknown,2
140737488344368,unknown,2
140737488344392,unknown,2
140737488344688,unknown,2
140737488345232,unknown,2
140737488344320,unknown,2
140737284839304,unknown,1
140737281751104,unknown,1
140737286226697,unknown,1
140737285821680,unknown,1
140737282052132,unknown,1
140737345407288,unknown,1
140737285480856,unknown,1
93824998141384,unknown,1
140737284689956,unknown,1
93824999505800,unknown,1
140737284141432,unknown,1
140737285509156,unknown,1
140737285267492,unknown,1
140737290388552,unknown,1
140737346545152,unknown,1
93824992326115,unknown,1
140737345775152,unknown,1
140737346721504,unknown,1
93824999756664,unknown,1
140737285636112,unknown,1
140737285972144,unknown,1
93824997660976,unknown,1
140737281896448,unknown,1
93824998976232,unknown,1
140737343390880,unknown,1
93824996767616,unknown,1
140737346370688,unknown,1
140737343971360,unknown,1
140737290537088,unknown,1
140737285988472,unknown,1
93824999648392,unknown,1
93824999324040,unknown,1
140737342770880,unknown,1
140737276156672,unknown,1
140737290934112,unknown,1
140737344597368,unknown,1
140737285787712,unknown,1
140737345499976,unknown,1
140737345069656,unknown,1
140737347055824,unknown,1
140737346680264,unknown,1
140737346734112,unknown,1
93825000153072,unknown,1
140737282879524,unknown,1
93824994899964,unknown,1
93824992248520,unknown,1
140737283276960,unknown,1
140737343667536,unknown,1
140737488286016,unknown,1
140737284550672,unknown,1
93824998647533,unknown,1
140737282793508,unknown,1
140737347119344,unknown,1
140737296498013,unknown,1
140737347061216,unknown,1
140737350599133,unknown,1
140737283384528,unknown,1
140737344392368,unknown,1
140737346188144,unknown,1
93824997256464,unknown,1
140737296068712,unknown,1
140737347144872,unknown,1
140737350538454,unknown,1
140737346188160,unknown,1
140737345097984,unknown,1
140737343363328,unknown,1
93824996476872,unknown,1
140737282903480,unknown,1
140737343348960,unknown,1
93824997709312,unknown,1
140737346187328,unknown,1
140737285394976,unknown,1
140737285461824,unknown,1
93824995888128,unknown,1
140737286570880,unknown,1
140737346630128,unknown,1
140737285389936,unknown,1
140737270265392,unknown,1
93824997113392,unknown,1
140737346188592,unknown,1
140737282822712,unknown,1
140737265471524,unknown,1
93824999103200,unknown,1
140737265481256,unknown,1
140737290211776,unknown,1
140737283241514,unknown,1
140737344563336,unknown,1
140737347418624,unknown,1
140737283574080,unknown,1
93824992318896,unknown,1
140737344400240,unknown,1
140737296266544,unknown,1
140737346871888,unknown,1
140737286946368,unknown,1
93825000656896,unknown,1
140737274791104,unknown,1
140737274843172,unknown,1
140737350508478,unknown,1
140737345432208,unknown,1
140737274680640,unknown,1
140737346615640,unknown,1
140737344581872,unknown,1
140737346260184,unknown,1
140737282902800,unknown,1
140737270054948,unknown,1
140737344415664,unknown,1
140737270210596,unknown,1
93824996227624,unknown,1
140737345858336,unknown,1
93824999711616,unknown,1
140737274376228,unknown,1
140737283852616,unknown,1
140737290759744,unknown,1
140737284456484,unknown,1
140737285578776,unknown,1
140737345886712,unknown,1
140737286471776,unknown,1
140737347280128,unknown,1
140737346391712,unknown,1
140737347021600,unknown,1
140737268597299,unknown,1
93824999817992,unknown,1
140737283245626,unknown,1
140737275852685,unknown,1
140737347173816,unknown,1
140737346839800,unknown,1
140737346717520,unknown,1
140737344659480,unknown,1
140737283211264,unknown,1
140737283271188,unknown,1
93824995880584,unknown,1
140737284125592,unknown,1
140737282970296,unknown,1
140737282108088,unknown,1
140737274681144,unknown,1
140737291042328,unknown,1
140737284364936,unknown,1
140737346547784,unknown,1
93824997790680,unknown,1
140737274191908,unknown,1
140737345740848,unknown,1
93825000356552,unknown,1
93824995209592,unknown,1
93824998519536,unknown,1
93824992315312,unknown,1
140737283396528,unknown,1
140737282967872,unknown,1
140737344631280,unknown,1
140737270139952,unknown,1
140737350514622,unknown,1
140737345183560,unknown,1
93825000817400,unknown,1
93824997778568,unknown,1
140737289855048,unknown,1
93824997992984,unknown,1
140737345557368,unknown,1
140737286270808,unknown,1
140737345517064,unknown,1
140737257521208,unknown,1
140737255055928,unknown,1
140737283467400,unknown,1
93825002686536,unknown,1
140737252394264,unknown,1
93825003066344,unknown,1
140737246986872,unknown,1
140737245290696,unknown,1
140737245200696,unknown,1
140737244336904,unknown,1
140737243772664,unknown,1
140737257369464,unknown,1
140737254275768,unknown,1
140737282139896,unknown,1
93824998498744,unknown,1
140737346584728,unknown,1
140737284117592,unknown,1
140737257223736,unknown,1
140737346461928,unknown,1
140737274816376,unknown,1
93824995913064,unknown,1
93824996442248,unknown,1
140737290654152,unknown,1
140737346289032,unknown,1
140737345491960,unknown,1
140737345499192,unknown,1
93824997295288,unknown,1
140737286490920,unknown,1
140737344296512,unknown,1
140737343343560,unknown,1
140737343697832,unknown,1
93824997724168,unknown,1
140737346482248,unknown,1
140737286558184,unknown,1
140737289845624,unknown,1
140737258410040,unknown,1
140737285304376,unknown,1
140737284815736,unknown,1
140737284236440,unknown,1
93824999948872,unknown,1
140737282056584,unknown,1
140737274433592,unknown,1
140737242387960,unknown,1
140737266572240,unknown,1
140737266792888,unknown,1
140737268927928,unknown,1
140737263853624,unknown,1
140737285750840,unknown,1
140737284088456,unknown,1
140737284185992,unknown,1
140737284039848,unknown,1
140737283004216,unknown,1
140737274282048,unknown,1
93825005200008,unknown,1
140737249892936,unknown,1
140737251220216,unknown,1
140737237790776,unknown,1
140737347064440,unknown,1
140737285097720,unknown,1
140737247002696,unknown,1
140737346937224,unknown,1
140737243980728,unknown,1
93824998116376,unknown,1
140737244004552,unknown,1
93824998413744,unknown,1
93824999157792,unknown,1
93824996475928,unknown,1
140737345724472,unknown,1
140737345409944,unknown,1
140737344675960,unknown,1
140737343697816,unknown,1
140737290616888,unknown,1
140737347035192,unknown,1
93825005488760,unknown,1
93825005828856,unknown,1
93825005682328,unknown,1
93825002958184,unknown,1
140737238519464,unknown,1
93825002781800,unknown,1
140737250017416,unknown,1
140737250267432,unknown,1
140737258160344,unknown,1
93825006066792,unknown,1
140737270166456,unknown,1
140737264980472,unknown,1
140737257399384,unknown,1
140737256751152,unknown,1
93825002452952,unknown,1
140737270199672,unknown,1
93825002496760,unknown,1
140737242249880,unknown,1
93825005585720,unknown,1
140737350586416,unknown,1
140737344384384,unknown,1
140737343948777,unknown,1
140737277739790,unknown,1
140737277629206,unknown,1
93824999836000,unknown,1
140737346936952,unknown,1
140737345814256,unknown,1
140737244223960,unknown,1
140737257075840,unknown,1
140737243623480,unknown,1
140737243742584,unknown,1
140737258300792,unknown,1
93825002910744,unknown,1
140737251269096,unknown,1
140737251220792,unknown,1
140737242416312,unknown,1
140737242165480,unknown,1
140737241514376,unknown,1
93825004400984,unknown,1
140737347191320,unknown,1
140737285039728,unknown,1
140737344397496,unknown,1
93824999096376,unknown,1
140737347049592,unknown,1
140737286640200,unknown,1
140737289846136,unknown,1
140737275926888,unknown,1
140737286602984,unknown,1
140737282889016,unknown,1
140737274462264,unknown,1
140737345601208,unknown,1
140737269803632,unknown,1
140737283806600,unknown,1
140737266655592,unknown,1
140737265463352,unknown,1
140737264758616,unknown,1
140737263791048,unknown,1
93824997666105,unknown,1
140737274702872,unknown,1
140737253707576,unknown,1
140737253431080,unknown,1
140737253368376,unknown,1
140737252885384,unknown,1
140737249983944,unknown,1
140737251181128,unknown,1
140737250938008,unknown,1
140737249795736,unknown,1
93824995893617,unknown,1
140737284653896,unknown,1
93825004081656,unknown,1
140737250187272,unknown,1
140737274222840,unknown,1
140737245007944,unknown,1
140737245147896,unknown,1
140737252462808,unknown,1
140737266629240,unknown,1
140737286081544,unknown,1
140737285759032,unknown,1
140737283801256,unknown,1
93824998092168,unknown,1
140737345272496,unknown,1
140737346375288,unknown,1
140737346481184,unknown,1
140737286758436,unknown,1
140737346379880,unknown,1
93824997404184,unknown,1
140737286304536,unknown,1
140737283366264,unknown,1
140737290273784,unknown,1
140737286955044,unknown,1
140737344334576,unknown,1
140737296266112,unknown,1
140737345365472,unknown,1
93824996032312,unknown,1
140737343743024,unknown,1
93824997996200,unknown,1
140737290203172,unknown,1
140737290064824,unknown,1
140737268731912,unknown,1
140737346351624,unknown,1
140737347402880,unknown,1
140737283590880,unknown,1
140737345233536,unknown,1
140737285541824,unknown,1
93825002681744,unknown,1
140737347260496,unknown,1
140737346996984,unknown,1
93824998453368,unknown,1
93824998416387,unknown,1
93824997821576,unknown,1
93824997384813,unknown,1
140737352779254,unknown,1
93824998244136,unknown,1
93824998120048,unknown,1
140737347333824,unknown,1
140737343805632,unknown,1
140737344481048,unknown,1
93824997645608,unknown,1
140737285644324,unknown,1
93824999120504,unknown,1
140737352748622,unknown,1
140737286774592,unknown,1
140737346256320,unknown,1
140737286878280,unknown,1
140737285679360,unknown,1
93824998424712,unknown,1
140737346942136,unknown,1
140737343967520,unknown,1
140737345436600,unknown,1
140737285149640,unknown,1
140737286369968,unknown,1
93824995237322,unknown,1
140737344471288,unknown,1
140737286375104,unknown,1
140737344721024,unknown,1
140737296287264,unknown,1
140737344079984,unknown,1
140737344118792,unknown,1
140737352758880,unknown,1
140737345956408,unknown,1
140737344097384,unknown,1
140737354068280,unknown,1
140737343885616,unknown,1
140737345697584,unknown,1
140737343670976,unknown,1
93824998084808,unknown,1
140737286637752,unknown,1
140737344065704,unknown,1
140737346836808,unknown,1
140737344375296,unknown,1
93824998053520,unknown,1
93824998311080,unknown,1
93824998078272,unknown,1
140737290006256,unknown,1
140737286895040,unknown,1
140737346683416,unknown,1
93824994907711,unknown,1
140737285520832,unknown,1
140737259467384,unknown,1
140737274642480,unknown,1
93824992255808,unknown,1
93825002538664,unknown,1
140737346810432,unknown,1
140737257174080,unknown,1
140737257582616,unknown,1
140737253404728,unknown,1
140737345562352,unknown,1
140737254440996,unknown,1
140737254375472,unknown,1
140737346762112,unknown,1
140737346264288,unknown,1
140737289477272,unknown,1
140737282822280,unknown,1
140737254023568,unknown,1
140737285100896,unknown,1
140737346747264,unknown,1
140737254756376,unknown,1
140737258369672,unknown,1
140737253613768,unknown,1
140737343816320,unknown,1
140737254024368,unknown,1
93825002452944,unknown,1
140737253576740,unknown,1
140737343352288,unknown,1
140737346694736,unknown,1
93824999990512,unknown,1
140737253534736,unknown,1
140737344591736,unknown,1
140737344553096,unknown,1
140737259541256,unknown,1
140737258397824,unknown,1
93825001485224,unknown,1
93824996299168,unknown,1
140737257075832,unknown,1
93824999180416,unknown,1
93825000790653,unknown,1
93825001831104,unknown,1
140737282905800,unknown,1
140737346856832,unknown,1
140737286024968,unknown,1
140737283588528,unknown,1
140737282933088,unknown,1
93825000669912,unknown,1
93824995825353,unknown,1
140737258031488,unknown,1
140737270153904,unknown,1
140737253637312,unknown,1
140737259379520,unknown,1
93824996238176,unknown,1
140737254316088,unknown,1
93825002765880,unknown,1
140737254393056,unknown,1
93824997384024,unknown,1
140737270237680,unknown,1
140737344571664,unknown,1
140737347121904,unknown,1
140737268711584,unknown,1
93824997681840,unknown,1
140737283747816,unknown,1
93825001504288,unknown,1
93825002805528,unknown,1
140737343844192,unknown,1
93825002127376,unknown,1
140737347001616,unknown,1
140737283740616,unknown,1
93825000808256,unknown,1
93824997155920,unknown,1
93824996344712,unknown,1
140737282849848,unknown,1
140737283631800,unknown,1
140737274119344,unknown,1
140737289437913,unknown,1
93825001342573,unknown,1
140737350485768,unknown,1
140737283578784,unknown,1
140737257418048,unknown,1
93825002377760,unknown,1
140737245147152,unknown,1
93824995830352,unknown,1
93824995864800,unknown,1
93824995994816,unknown,1
140737345467992,unknown,1
140737345272696,unknown,1
140737285562432,unknown,1
140737331740696,unknown,1
140737346104744,unknown,1
140737296592152,unknown,1
140737297067050,unknown,1
140737298568316,unknown,1
140737333499053,unknown,1
93824992270606,unknown,1
140737352425883,unknown,1
140737352316051,unknown,1
93824997113384,unknown,1
93824995980256,unknown,1
140737341768736,unknown,1
93824997095528,unknown,1
140737345819576,unknown,1
93824997319928,unknown,1
93824996419208,unknown,1
140737274699312,unknown,1
93824997614152,unknown,1
140737341715832,unknown,1
140737347289936,unknown,1
140737343336112,unknown,1
140737296478244,unknown,1
140737290940452,unknown,1
140737343453544,unknown,1
140737296233472,unknown,1
140737346691120,unknown,1
140737347023264,unknown,1
140737296375520,unknown,1
93824996785064,unknown,1
140737344473648,unknown,1
140737282865640,unknown,1
140737283279816,unknown,1
140737346533424,unknown,1
93825000614736,unknown,1
93824997556288,unknown,1
140737283494800,unknown,1
140737269620208,unknown,1
140737283947704,unknown,1
140737343971792,unknown,1
140737283554680,unknown,1
140737277443656,unknown,1
93825000284504,unknown,1
93825000203392,unknown,1
140737275928600,unknown,1
93825000507272,unknown,1
140737346347792,unknown,1
140737285580480,unknown,1
93824996204912,unknown,1
140737283419712,unknown,1
140737347392080,unknown,1
140737347415672,unknown,1
140737295904512,unknown,1
140737346134400,unknown,1
140737285389512,unknown,1
140737345224792,unknown,1
140737345020408,unknown,1
93824998323512,unknown,1
140737344683680,unknown,1
140737273879352,unknown,1
140737488326696,unknown,1
140737344374384,unknown,1
140737283969336,unknown,1
140737347391928,unknown,1
140737290004864,unknown,1
93824997244928,unknown,1
93824997159312,unknown,1
93824992256400,unknown,1
140737343661760,unknown,1
140737345552736,unknown,1
140737344557952,unknown,1
140737346894584,unknown,1
140737347219680,unknown,1
140737289840384,unknown,1
140737345174320,unknown,1
93824998832488,unknown,1
93825001554088,unknown,1
140737244787608,unknown,1
140737345794296,unknown,1
140737250372792,unknown,1
140737353295468,unknown,1
140737250967608,unknown,1
93824998711784,unknown,1
140737346773040,unknown,1
140737253298232,unknown,1
140737245524312,unknown,1
140737274137328,unknown,1
93824997807640,unknown,1
140737237602360,unknown,1
140737350495940,unknown,1
140737343674840,unknown,1
93824997554840,unknown,1
93824997273736,unknown,1
140737286821304,unknown,1
140737343911352,unknown,1
140737347001688,unknown,1
140737346544896,unknown,1
140737344611576,unknown,1
140737346380832,unknown,1
140737346375360,unknown,1
140737344567424,unknown,1
140737343342896,unknown,1
140737345122992,unknown,1
140737285922852,unknown,1
140737289883352,unknown,1
140737346186432,unknown,1
93824995888544,unknown,1
140737286029348,unknown,1
140737346489008,unknown,1
93824996199288,unknown,1
140737347387428,unknown,1
140737347334200,unknown,1
140737347133476,unknown,1
140737346785316,unknown,1
93824996525160,unknown,1
93824996572280,unknown,1
140737236107800,unknown,1
140737347174464,unknown,1
140737253634104,unknown,1
140737257397168,unknown,1
93824996052808,unknown,1
93824997584400,unknown,1
140737235801704,unknown,1
140737346957348,unknown,1
140737331850456,unknown,1
140737343676432,unknown,1
140737343746084,unknown,1
93824992255108,unknown,1
140737345734208,unknown,1
140737263843120,unknown,1
140737274672120,unknown,1
140737237437296,unknown,1
93825001146296,unknown,1
93825002582392,unknown,1
140737234573880,unknown,1
140737345016056,unknown,1
93825006952760,unknown,1
140737236295736,unknown,1
93824995762184,unknown,1
140737244029984,unknown,1
140737353730184,unknown,1
140737353739792,unknown,1
140737350550932,unknown,1
140737350522998,unknown,1
93824994882191,unknown,1
93824994959744,unknown,1
140737346736184,unknown,1
93824996220144,unknown,1
140737345863024,unknown,1
140737251321976,unknown,1
93825003046232,unknown,1
140737274149432,unknown,1
140737283672328,unknown,1
93825004046824,unknown,1
93825004014744,unknown,1
140737253372600,unknown,1
140737283663936,unknown,1
93825000644808,unknown,1
140737283590088,unknown,1
140737343742392,unknown,1
93825003219640,unknown,1
140737248850200,unknown,1
93824996053144,unknown,1
140737248547248,unknown,1
140737248560088,unknown,1
140737263841088,unknown,1
140737285858672,unknown,1
140737256864312,unknown,1
140737248115552,unknown,1
93825003763792,unknown,1
140737270227520,unknown,1
140737250881656,unknown,1
93825000574352,unknown,1
140737245237416,unknown,1
140737344561752,unknown,1
93824997344912,unknown,1
140737258398320,unknown,1
140737285136120,unknown,1
140737249950088,unknown,1
93825002975984,unknown,1
140737245368552,unknown,1
140737248549336,unknown,1
140737248438472,unknown,1
140737345149048,unknown,1
140737249949560,unknown,1
93825003790696,unknown,1
140737245331832,unknown,1
140737286481448,unknown,1
140737238310948,unknown,1
140737346778784,unknown,1
140737250886560,unknown,1
140737237999652,unknown,1
140737488314264,unknown,1
93825005561352,unknown,1
140737346576456,unknown,1
140737269380288,unknown,1
140737282801608,unknown,1
93825003257856,unknown,1
93825003296552,unknown,1
140737248896400,unknown,1
140737248687960,unknown,1
93825003724144,unknown,1
140737247110152,unknown,1
140737285344768,unknown,1
140737252482688,unknown,1
140737268830896,unknown,1
140737250257208,unknown,1
140737248626136,unknown,1
93825003085224,unknown,1
140737249530560,unknown,1
93825001528064,unknown,1
140737254275336,unknown,1
140737248177432,unknown,1
140737352693000,unknown,1
140737345639584,unknown,1
140737248618288,unknown,1
93825000657744,unknown,1
140737347184912,unknown,1
93825005425064,unknown,1
93825004133248,unknown,1
140737244270712,unknown,1
140737245282368,unknown,1
93825005751288,unknown,1
140737253944112,unknown,1
140737345780848,unknown,1
140737283983280,unknown,1
140737286846912,unknown,1
140737346811000,unknown,1
140737250382522,unknown,1
140737254933696,unknown,1
140737263727040,unknown,1
140737258071848,unknown,1
93825003732992,unknown,1
140737248583688,unknown,1
140737255056048,unknown,1
93824996052376,unknown,1
140737246959072,unknown,1
140737250355904,unknown,1
140737247096868,unknown,1
93825002565032,unknown,1
140737274125904,unknown,1
140737274600344,unknown,1
140737274773584,unknown,1
140737286036664,unknown,1
140737254983720,unknown,1
140737283788836,unknown,1
93825000016016,unknown,1
140737284242240,unknown,1
140737251031296,unknown,1
93824997235568,unknown,1
140737286088416,unknown,1
93825004558016,unknown,1
140737346810296,unknown,1
140737251037832,unknown,1
140737244796712,unknown,1
140737347067144,unknown,1
140737283802712,unknown,1
140737244356672,unknown,1
140737256821240,unknown,1
140737247199000,unknown,1
93825004204536,unknown,1
140737251294776,unknown,1
140737244585560,unknown,1
140737256772136,unknown,1
140737249902520,unknown,1
140737245191320,unknown,1
93824992346612,unknown,1
140737264787968,unknown,1
140737283686512,unknown,1
93824995885216,unknown,1
140737282005128,unknown,1
93824996163592,unknown,1
140737346343584,unknown,1
140737282230784,unknown,1
93824994894512,unknown,1
140737249539936,unknown,1
140737283970608,unknown,1
140737245319240,unknown,1
140737252771728,unknown,1
140737346480576,unknown,1
140737253310272,unknown,1
140737248579984,unknown,1
140737248862200,unknown,1
140737258107576,unknown,1
93825002168960,unknown,1
140737248503472,unknown,1
140737285436280,unknown,1
93824999830416,unknown,1
140737248545992,unknown,1
140737346920192,unknown,1
93825002946504,unknown,1
140737343352712,unknown,1
140737249628216,unknown,1
140737344233912,unknown,1
140737270009024,unknown,1
140737347355216,unknown,1
93825000121664,unknown,1
93824992310538,unknown,1
140737282922920,unknown,1
140737248560040,unknown,1
140737283551288,unknown,1
140737250275576,unknown,1
140737259496520,unknown,1
140737254445336,unknown,1
140737251193792,unknown,1
140737344220864,unknown,1
140737248918000,unknown,1
140737248677752,unknown,1
140737243418660,unknown,1
93825004221224,unknown,1
140737249795888,unknown,1
140737242415140,unknown,1
93825004966040,unknown,1
140737253676600,unknown,1
140737244069912,unknown,1
140737250230128,unknown,1
140737252729616,unknown,1
93824995890400,unknown,1
140737242462016,unknown,1
140737284194688,unknown,1
93825002768344,unknown,1
140737244045432,unknown,1
93824996353240,unknown,1
93825005056936,unknown,1
140737243488292,unknown,1
140737243578404,unknown,1
140737345542464,unknown,1
140737243693092,unknown,1
140737254071568,unknown,1
140737243834696,unknown,1
140737248186708,unknown,1
140737345957368,unknown,1
140737243402376,unknown,1
140737241045554,unknown,1
140737251235360,unknown,1
140737282223768,unknown,1
140737257324296,unknown,1
93825003303192,unknown,1
93825003648328,unknown,1
93824995899912,unknown,1
93825000876654,unknown,1
93825003301176,unknown,1
93824992330624,unknown,1
93825004656968,unknown,1
93825003640656,unknown,1
140737244473680,unknown,1
140737248760584,unknown,1
140737274840616,unknown,1
140737243323688,unknown,1
140737249863616,unknown,1
140737250299992,unknown,1
140737253368064,unknown,1
140737251221328,unknown,1
140737248693552,unknown,1
140737247063808,unknown,1
140737248364780,unknown,1
140737346951248,unknown,1
93824996054104,unknown,1
140737285959344,unknown,1
140737290536048,unknown,1
140737243344932,unknown,1
140737283982736,unknown,1
140737254317024,unknown,1
140737274789952,unknown,1
93825004861824,unknown,1
140737242433824,unknown,1
140737344515184,unknown,1
140737245463800,unknown,1
140737242188016,unknown,1
140737290211832,unknown,1
140737347129808,unknown,1
140737274425056,unknown,1
140737250046896,unknown,1
140737346942016,unknown,1
140737254829744,unknown,1
140737344587064,unknown,1
140737242385032,unknown,1
140737256797152,unknown,1
140737242112056,unknown,1
140737249808432,unknown,1
140737286647160,unknown,1
140737270210032,unknown,1
140737253421936,unknown,1
140737344740664,unknown,1
140737285777400,unknown,1
93825004241344,unknown,1
93825001389721,unknown,1
140737243230256,unknown,1
93825002558856,unknown,1
140737244247344,unknown,1
140737248411648,unknown,1
140737285403712,unknown,1
93825004530544,unknown,1
93824996544112,unknown,1
93825002597376,unknown,1
140737274718912,unknown,1
140737248977880,unknown,1
140737250246712,unknown,1
140737238003736,unknown,1
140737344360976,unknown,1
140737238183972,unknown,1
93824994863021,unknown,1
140737250297856,unknown,1
140737251339048,unknown,1
93824997350032,unknown,1
140737344373696,unknown,1
140737286086704,unknown,1
93825006014952,unknown,1
140737244128808,unknown,1
93825005814176,unknown,1
140737345699152,unknown,1
140737255099016,unknown,1
140737345860608,unknown,1
140737238155336,unknown,1
140737257367640,unknown,1
140737263653688,unknown,1
93825004277768,unknown,1
140737249976776,unknown,1
140737344917880,unknown,1
140737241465064,unknown,1
140737241594888,unknown,1
93825002337744,unknown,1
140737345503464,unknown,1
140737346823656,unknown,1
93824999835997,unknown,1
93825001281277,unknown,1
140737241995856,unknown,1
140737282233664,unknown,1
140737346341624,unknown,1
140737255498848,unknown,1
140737258209344,unknown,1
140737345747136,unknown,1
140737345531120,unknown,1
93825004161776,unknown,1
140737282958088,unknown,1
140737274235960,unknown,1
140737346470832,unknown,1
140737250222480,unknown,1
140737248499368,unknown,1
140737264904608,unknown,1
140737248225324,unknown,1
140737274536968,unknown,1
140737345599360,unknown,1
140737246971512,unknown,1
140737242403304,unknown,1
140737242135736,unknown,1
140737241518136,unknown,1
93825005828840,unknown,1
140737252395176,unknown,1
140737238082120,unknown,1
93825004584408,unknown,1
93825002501480,unknown,1
140737250254968,unknown,1
93825003301784,unknown,1
93825005306392,unknown,1
93825002861368,unknown,1
140737241508840,unknown,1
140737251000904,unknown,1
93825005465752,unknown,1
140737241323992,unknown,1
140737249886264,unknown,1
93825004892344,unknown,1
140737284296752,unknown,1
140737282958064,unknown,1
140737282156512,unknown,1
140737274507872,unknown,1
93825002520816,unknown,1
140737265414640,unknown,1
140737265577904,unknown,1
140737263743152,unknown,1
140737283962656,unknown,1
93825001690960,unknown,1
140737257403536,unknown,1
140737256771872,unknown,1
140737254926416,unknown,1
93825002590416,unknown,1
140737253277248,unknown,1
140737252454448,unknown,1
140737268854576,unknown,1
140737254082328,unknown,1
93825001506336,unknown,1
93824998740528,unknown,1
140737346128192,unknown,1
93824997001496,unknown,1
93824997171200,unknown,1
140737344264304,unknown,1
140737250274616,unknown,1
140737266603256,unknown,1
140737290948840,unknown,1
93824997798408,unknown,1
140737284462032,unknown,1
140737290008696,unknown,1
93824998482144,unknown,1
140737346401272,unknown,1
140737291075440,unknown,1
140737289834544,unknown,1
140737286962608,unknown,1
140737286370288,unknown,1
140737285934896,unknown,1
140737284617120,unknown,1
93824997935528,unknown,1
140737344917552,unknown,1
140737345107120,unknown,1
140737243300128,unknown,1
140737244858808,unknown,1
140737244581016,unknown,1
140737244286680,unknown,1
140737253342376,unknown,1
93825004468616,unknown,1
93825002695456,unknown,1
140737243689368,unknown,1
140737243286728,unknown,1
140737243330648,unknown,1
93825004841576,unknown,1
140737242462472,unknown,1
140737244204568,unknown,1
93825005283560,unknown,1
93825005372408,unknown,1
140737257640312,unknown,1
140737346506680,unknown,1
140737252473424,unknown,1
140737251191224,unknown,1
93825004302680,unknown,1
93825003877512,unknown,1
93825004135480,unknown,1
140737244925256,unknown,1
140737351548652,unknown,1
140737243793000,unknown,1
140737243634408,unknown,1
93824996378032,unknown,1
140737250047984,unknown,1
140737241567072,unknown,1
140737251016936,unknown,1
140737241378704,unknown,1
140737241219264,unknown,1
140737237737528,unknown,1
140737344446192,unknown,1
93824996245072,unknown,1
140737346532400,unknown,1
140737344369008,unknown,1
140737345806136,unknown,1
140737270263864,unknown,1
140737345216344,unknown,1
93824996629752,unknown,1
140737344733240,unknown,1
140737258068280,unknown,1
140737273967944,unknown,1
140737286865784,unknown,1
140737347241912,unknown,1
140737345577032,unknown,1
140737257607048,unknown,1
93824997806920,unknown,1
93824997890840,unknown,1
93824998207832,unknown,1
93824998450648,unknown,1
140737346555560,unknown,1
140737285846456,unknown,1
140737285591096,unknown,1
140737343905208,unknown,1
140737274773448,unknown,1
140737256661944,unknown,1
140737253400392,unknown,1
140737263592328,unknown,1
93825000850056,unknown,1
93825000912104,unknown,1
140737286329016,unknown,1
140737264790536,unknown,1
140737263700088,unknown,1
140737346173304,unknown,1
140737284763896,unknown,1
140737258324904,unknown,1
140737257988376,unknown,1
93825002112120,unknown,1
140737284104056,unknown,1
93825002013320,unknown,1
93825002051064,unknown,1
93825001610792,unknown,1
140737265414664,unknown,1
140737262343048,unknown,1
140737274244992,unknown,1
93825001406848,unknown,1
140737258453424,unknown,1
140737258290848,unknown,1
140737258155064,unknown,1
93825002199920,unknown,1
93825002305160,unknown,1
140737254716504,unknown,1
140737268933016,unknown,1
140737285755464,unknown,1
93825004795184,unknown,1
93825005132560,unknown,1
140737241284016,unknown,1
140737238473440,unknown,1
140737241464704,unknown,1
140737238212976,unknown,1
140737237848296,unknown,1
93824995941736,unknown,1
140737346912312,unknown,1
93825004429312,unknown,1
140737282894728,unknown,1
140737285570632,unknown,1
140737250849864,unknown,1
140737285382200,unknown,1
140737285751096,unknown,1
140737286002216,unknown,1
140737285763512,unknown,1
93824999330824,unknown,1
93824999252232,unknown,1
140737263697800,unknown,1
140737284457464,unknown,1
140737283961384,unknown,1
140737283012128,unknown,1
140737274618544,unknown,1
140737274441648,unknown,1
140737274286152,unknown,1
93825001839528,unknown,1
140737265382456,unknown,1
140737264790704,unknown,1
93824999452776,unknown,1
93825001299837,unknown,1
140737243775012,unknown,1
140737350593810,unknown,1
140737257403552,unknown,1
140737248678288,unknown,1
140737346632000,unknown,1
140737254943536,unknown,1
140737256733448,unknown,1
140737241202760,unknown,1
93825002884776,unknown,1
93825004153544,unknown,1
140737245462564,unknown,1
140737245528100,unknown,1
140737269047040,unknown,1
93825001374160,unknown,1
140737262337328,unknown,1
140737346187376,unknown,1
140737257703728,unknown,1
140737283567664,unknown,1
140737289949376,unknown,1
140737286291504,unknown,1
93824998458856,unknown,1
140737257075520,unknown,1
140737250965504,unknown,1
140737346469816,unknown,1
140737284852672,unknown,1
140737244676920,unknown,1
140737252482680,unknown,1
140737283937152,unknown,1
140737257951584,unknown,1
140737248585624,unknown,1
140737244229668,unknown,1
140737243983908,unknown,1
140737248719008,unknown,1
140737244078184,unknown,1
140737249671096,unknown,1
140737344989856,unknown,1
140737247072968,unknown,1
140737346865472,unknown,1
93824997158285,unknown,1
93825000129072,unknown,1
140737296641784,unknown,1
140737346156384,unknown,1
140737343376160,unknown,1
140737346307936,unknown,1
140737283534176,unknown,1
140737243601570,unknown,1
140737250820320,unknown,1
140737248388620,unknown,1
140737346550896,unknown,1
140737345372272,unknown,1
140737251335920,unknown,1
140737345434304,unknown,1
140737256692352,unknown,1
140737248762264,unknown,1
93825002543776,unknown,1
93825004500032,unknown,1
140737259541056,unknown,1
140737244921892,unknown,1
93825004318731,unknown,1
140737244483620,unknown,1
140737244557348,unknown,1
93825003853536,unknown,1
93825001373824,unknown,1
93825003882320,unknown,1
140737344740800,unknown,1
140737282800456,unknown,1
140737274359136,unknown,1
140737346930784,unknown,1
140737257778544,unknown,1
140737252827832,unknown,1
140737347067160,unknown,1
140737257324344,unknown,1
140737257284600,unknown,1
140737346815488,unknown,1
140737248419808,unknown,1
140737344649584,unknown,1
140737248419592,unknown,1
140737253377416,unknown,1
140737253452424,unknown,1
93825002906168,unknown,1
140737252554552,unknown,1
93825001503352,unknown,1
140737250053240,unknown,1
140737249661048,unknown,1
140737247035464,unknown,1
140737290740528,unknown,1
140737283655112,unknown,1
140737249985848,unknown,1
140737245283704,unknown,1
93825002643688,unknown,1
140737284694128,unknown,1
93824999720928,unknown,1
140737283978352,unknown,1
140737282072624,unknown,1
140737274655024,unknown,1
93825003933512,unknown,1
93825003246072,unknown,1
140737282230696,unknown,1
140737253241464,unknown,1
140737345323240,unknown,1
93825003450760,unknown,1
93825005986272,unknown,1
140737253710304,unknown,1
140737263759176,unknown,1
93825001784664,unknown,1
93825004186824,unknown,1
140737257587240,unknown,1
140737257224056,unknown,1
140737257122264,unknown,1
93825002297656,unknown,1
93825002336616,unknown,1
140737254733624,unknown,1
140737258279416,unknown,1
140737254465592,unknown,1
140737253569016,unknown,1
140737257865272,unknown,1
140737289854616,unknown,1
140737296400840,unknown,1
140737290896568,unknown,1
140737249774648,unknown,1
140737250262264,unknown,1
140737251071464,unknown,1
93825006068360,unknown,1
140737254403576,unknown,1
140737257706488,unknown,1
93825000703696,unknown,1
140737274213048,unknown,1
93825002137544,unknown,1
140737286963576,unknown,1
140737347341096,unknown,1
140737346777712,unknown,1
93824996313584,unknown,1
140737345333936,unknown,1
140737344663840,unknown,1
140737343848144,unknown,1
140737286033696,unknown,1
140737266593840,unknown,1
93825001058320,unknown,1
140737264983496,unknown,1
140737263651216,unknown,1
140737259513632,unknown,1
140737256865352,unknown,1
140737257649712,unknown,1
140737256689456,unknown,1
140737255166088,unknown,1
140737344454872,unknown,1
140737253656880,unknown,1
140737252772000,unknown,1
93825002958160,unknown,1
140737250309168,unknown,1
140737245344944,unknown,1
140737245092720,unknown,1
140737244553376,unknown,1
140737258063952,unknown,1
140737289932856,unknown,1
140737253882992,unknown,1
140737346768784,unknown,1
140737285983968,unknown,1
93825000236368,unknown,1
140737251037696,unknown,1
140737237307408,unknown,1
140737488334848,unknown,1
140737242452760,unknown,1
93824994878713,unknown,1
93825002156920,unknown,1
140737290520016,unknown,1
140737274591160,unknown,1
140737243623144,unknown,1
140737257685208,unknown,1
140737235906616,unknown,1
93825006688520,unknown,1
140737285857944,unknown,1
140737236042904,unknown,1
140737237720120,unknown,1
93825002563072,unknown,1
140737285635144,unknown,1
140737244515448,unknown,1
140737286297776,unknown,1
140737247219784,unknown,1
93825002716464,unknown,1
93824994873812,unknown,1
93825004622102,unknown,1
140737274338496,unknown,1
140737258356608,unknown,1
93824996230800,unknown,1
140737248666624,unknown,1
140737248905160,unknown,1
140737262157536,unknown,1
140737264983344,unknown,1
140737248681576,unknown,1
140737282814088,unknown,1
140737346455992,unknown,1
93825006715688,unknown,1
140737285651760,unknown,1
140737258060064,unknown,1
140737237096920,unknown,1
140737237049592,unknown,1
140737236289016,unknown,1
140737251158904,unknown,1
93825006215128,unknown,1
140737258161624,unknown,1
140737290067768,unknown,1
140737242273112,unknown,1
140737234874024,unknown,1
140737237275640,unknown,1
140737286552056,unknown,1
140737286721080,unknown,1
140737286947880,unknown,1
93824998108472,unknown,1
140737290668856,unknown,1
140737296281656,unknown,1
140737344683736,unknown,1
140737345093688,unknown,1
140737343663608,unknown,1
140737235534536,unknown,1
140737235902776,unknown,1
140737236935048,unknown,1
140737282810744,unknown,1
140737237213528,unknown,1
140737251280136,unknown,1
140737250871992,unknown,1
140737235239096,unknown,1
140737274398536,unknown,1
140737237931096,unknown,1
93824997148376,unknown,1
140737236186728,unknown,1
140737248897216,unknown,1
140737286298160,unknown,1
93825006451088,unknown,1
93824999958424,unknown,1
140737274148472,unknown,1
140737251270144,unknown,1
140737344349088,unknown,1
140737235402984,unknown,1
140737347211328,unknown,1
140737286022328,unknown,1
140737234578776,unknown,1
140737345498468,unknown,1
140737346706328,unknown,1
93824997310888,unknown,1
140737248506496,unknown,1
140737344309536,unknown,1
140737285412872,unknown,1
140737283939072,unknown,1
93825001415584,unknown,1
140737235417472,unknown,1
140737235939364,unknown,1
140737235264760,unknown,1
93824998805872,unknown,1
140737235094224,unknown,1
140737248583272,unknown,1
93824996050792,unknown,1
140737285503280,unknown,1
93825002401101,unknown,1
140737350476008,unknown,1
140737346985384,unknown,1
140737282849360,unknown,1
93825002417920,unknown,1
140737249682672,unknown,1
140737248472440,unknown,1
140737248740616,unknown,1
140737249736832,unknown,1
93825001533168,unknown,1
140737248953256,unknown,1
140737345374072,unknown,1
140737345876408,unknown,1
140737274486016,unknown,1
93825005995728,unknown,1
140737250408432,unknown,1
140737248324920,unknown,1
140737243799784,unknown,1
140737347250512,unknown,1
140737344537600,unknown,1
93825004295480,unknown,1
140737257823584,unknown,1
140737250392240,unknown,1
140737346957048,unknown,1
140737252767592,unknown,1
93825005986288,unknown,1
140737257221104,unknown,1
140737237466928,unknown,1
140737286551168,unknown,1
93825005862336,unknown,1
93825004262504,unknown,1
140737346960104,unknown,1
93824997063328,unknown,1
140737247119064,unknown,1
140737242467840,unknown,1
140737259395776,unknown,1
93825002289544,unknown,1
140737284083200,unknown,1
140737236909824,unknown,1
140737248528768,unknown,1
140737285815552,unknown,1
140737345051672,unknown,1
93825000555744,unknown,1
140737345623736,unknown,1
93825002112128,unknown,1
140737248732600,unknown,1
140737248545592,unknown,1
140737346747328,unknown,1
140737343457416,unknown,1
140737244158320,unknown,1
140737258203992,unknown,1
140737345726336,unknown,1
140737251185800,unknown,1
93825007088264,unknown,1
140737244706520,unknown,1
93824997430592,unknown,1
140737341743242,unknown,1
140737346676152,unknown,1
140737345216656,unknown,1
140737488345184,unknown,1
140737488344520,unknown,1
140737488344848,unknown,1
140737488344360,unknown,1
140737488345208,unknown,1
140737488344560,unknown,1
140737488345040,unknown,1
140737488345120,unknown,1
140737345324424,unknown,1
140737488345144,unknown,1
140737488344712,unknown,1
140737488344784,unknown,1
140737488344536,unknown,1
140737488345128,unknown,1
140737488344504,unknown,1
140737488344440,unknown,1
140737488344480,unknown,1
140737488344760,unknown,1
140737488344304,unknown,1
140737320103936,unknown,1
140737319878656,unknown,1
140737319440384,unknown,1
140737319260160,unknown,1
140737319067648,unknown,1
140737323085824,unknown,1
140737488344352,unknown,1
140737488344256,unknown,1
140737488344800,unknown,1
140737488344856,unknown,1
140737488344824,unknown,1
140737488345016,unknown,1
140737488344832,unknown,1
140737488345240,unknown,1
140737488344664,unknown,1
140737488344288,unknown,1
140737488344376,unknown,1
140737488344840,unknown,1
140737488345216,unknown,1
140737488344880,unknown,1
140737331859328,unknown,1
140737250046192,unknown,1
140737346290463,unknown,1
140737345825520,unknown,1
140737259409776,unknown,1
140737253713328,unknown,1
140737238008744,unknown,1
93825004212400,unknown,1
140737237729296,unknown,1
93824998121680,unknown,1
93824995779036,unknown,1
140737344274968,unknown,1
93824997009200,unknown,1
140737344696356,unknown,1
140737344487440,unknown,1
140737347415680,unknown,1
140737344840064,unknown,1
140737345931432,unknown,1
140737343801984,unknown,1
93824996040704,unknown,1
140737243185176,unknown,1
140737244344336,unknown,1
140737284304912,unknown,1
140737237921816,unknown,1
140737344578864,unknown,1
140737344974864,unknown,1
140737264779312,unknown,1
140737285749728,unknown,1
93825006880600,unknown,1
140737345045424,unknown,1
93824996413296,unknown,1
140737290729136,unknown,1
93825006162776,unknown,1
140737345656112,unknown,1
93824997791352,unknown,1
93824996427760,unknown,1
140737346479344,unknown,1
93824996391680,unknown,1
140737290310704,unknown,1
140737488344272,unknown,1
140737488344328,unknown,1
140737251065208,unknown,1
140737238045688,unknown,1
140737241313464,unknown,1
140737242244424,unknown,1
140737242341560,unknown,1
93825004437864,unknown,1
140737320321024,unknown,1
140737244827704,unknown,1
140737245311032,unknown,1
140737283780664,unknown,1
140737251253144,unknown,1
140737252408440,unknown,1
93825002680808,unknown,1
140737254301752,unknown,1
140737285677336,unknown,1
140737257533496,unknown,1
140737244310152,unknown,1
93824996414232,unknown,1
93824996302904,unknown,1
140737347227704,unknown,1
93824996394888,unknown,1
140737488344776,unknown,1
140737283776560,unknown,1
140737488344400,unknown,1
140737488344640,unknown,1
140737488344808,unknown,1
140737488345064,unknown,1
140737488345048,unknown,1
140737488344456,unknown,1
140737488344816,unknown,1
140737488344448,unknown,1
140737488344616,unknown,1
140737488345160,unknown,1
140737488345000,unknown,1
140737488345112,unknown,1
140737488344416,unknown,1
140737488344992,unknown,1
140737325506560,unknown,1
140737325293568,unknown,1
140737325084672,unknown,1
140737324613632,unknown,1
140737324396544,unknown,1
140737324187648,unknown,1
140737323995136,unknown,1
140737323782144,unknown,1
140737258455672,unknown,1
140737322876928,unknown,1
140737322463232,unknown,1
140737321791488,unknown,1
140737321594880,unknown,1
140737321385984,unknown,1
140737321160704,unknown,1
140737320968192,unknown,1
140737320718336,unknown,1
140737320513536,unknown,1
140737488345072,unknown,1
140737258244408,unknown,1
140737262150456,unknown,1
140737263629112,unknown,1
140737265557560,unknown,1
140737266739768,unknown,1
93825000792392,unknown,1
93824999335800,unknown,1
140737274635704,unknown,1
140737282064520,unknown,1
140737325707264,unknown,1
140737284149368,unknown,1
140737284729576,unknown,1
140737285203032,unknown,1
140737255031240,unknown,1
140736227786752,unknown,1
140737326796800,unknown,1
140737326612480,unknown,1
140737326141440,unknown,1
140737325903872,unknown,1
93824999926264,unknown,1
140737342938976,unknown,1
140737488158760,unknown,1
140737329549312,unknown,1
140737353219448,unknown,1
140737353216184,unknown,1
93824996002424,unknown,1
140737488350056,unknown,1
140737354076893,unknown,1
140737289477432,unknown,1
140737353773056,unknown,1
93824995933222,unknown,1
140737353226812,unknown,1
93824992669256,unknown,1
93824996022544,unknown,1
140737351007824,unknown,1
93824992670244,unknown,1
140737346135116,unknown,1
93824993806184,unknown,1
93824992252164,unknown,1
140737336389632,unknown,1
93824992719320,unknown,1
140737352964993,unknown,1
93824992960820,unknown,1
140737336739044,unknown,1
93824992458448,unknown,1
140737341585416,unknown,1
140737332052592,unknown,1
93824993639696,unknown,1
93824992854024,unknown,1
140737347116040,unknown,1
140737336332352,unknown,1
140737336553480,unknown,1
140737345742504,unknown,1
140737345602928,unknown,1
93824992766264,unknown,1
93824993379956,unknown,1
93824994987508,unknown,1
140737346125840,unknown,1
140737347241264,unknown,1
93824993681576,unknown,1
140737351600036,unknown,1
140737345455248,unknown,1
93825002636416,unknown,1
140737244372560,unknown,1
140737258336472,unknown,1
140737347325400,unknown,1
140737345041008,unknown,1
140737488341408,unknown,1
140737236025380,unknown,1
93825006355944,unknown,1
140737346172976,unknown,1
140737344738480,unknown,1
93825001548824,unknown,1
140737235144740,unknown,1
140737235275812,unknown,1
140737234862116,unknown,1
93825006960655,unknown,1
140737274300432,unknown,1
93824992238430,unknown,1
140737347440008,unknown,1
140737338653782,unknown,1
93824995959672,unknown,1
93825006646432,unknown,1
140737256796224,unknown,1
140737285706128,unknown,1
93825006294040,unknown,1
93825003724160,unknown,1
140737351510544,unknown,1
140737347013744,unknown,1
93825006234208,unknown,1
93824996169352,unknown,1
93824993657112,unknown,1
140737347295408,unknown,1
93824995963339,unknown,1
93824995209828,unknown,1
140737353454247,unknown,1
140737348262588,unknown,1
140737234448420,unknown,1
140737257031112,unknown,1
140737237075040,unknown,1
93825004621696,unknown,1
140737290519968,unknown,1
140737346346648,unknown,1
93825004126256,unknown,1
140737242349016,unknown,1
140737250862552,unknown,1
93824992550952,unknown,1
93824999991488,unknown,1
140737243605760,unknown,1
140737241641368,unknown,1
140737258358208,unknown,1
140737343792624,unknown,1
140737244032184,unknown,1
140737344487488,unknown,1
140737259467320,unknown,1
93825001557872,unknown,1
140737249751848,unknown,1
93824999227696,unknown,1
140737248604608,unknown,1
140737248145440,unknown,1
140737244738312,unknown,1
93825002297664,unknown,1
93825005093200,unknown,1
140737244273104,unknown,1
93824996544080,unknown,1
140737250155808,unknown,1
140737345902672,unknown,1
140737290113800,unknown,1
140737245422584,unknown,1
93825000690816,unknown,1
140737343349792,unknown,1
140737249697288,unknown,1
140737258136024,unknown,1
140737236868872,unknown,1
140737345434296,unknown,1
140737237451392,unknown,1
140737296283032,unknown,1
93824992238550,unknown,1
140737331885756,unknown,1
140737331104086,unknown,1
93824994623576,unknown,1
93824993810112,unknown,1
93824993816600,unknown,1
140737353597552,unknown,1
140737353791708,unknown,1
140737347391920,unknown,1
140737346739552,unknown,1
140737353205856,unknown,1
140737338556462,unknown,1
140737336647688,unknown,1
93824993663648,unknown,1
140737342974744,unknown,1
140737332250470,unknown,1
140737332016870,unknown,1
140737343094800,unknown,1
140737339867180,unknown,1
93824998062792,unknown,1
140737244308336,unknown,1
93825005471464,unknown,1
140737254101248,unknown,1
93824994498032,unknown,1
93824995495952,unknown,1
93824992899256,unknown,1
93824993120392,unknown,1
93824993333416,unknown,1
140737350972190,unknown,1
93824994001080,unknown,1
93824994193416,unknown,1
93824994406456,unknown,1
93824997549864,unknown,1
93824994840600,unknown,1
93824995287144,unknown,1
93824995686040,unknown,1
93824995872776,unknown,1
140737345652544,unknown,1
93824993525848,unknown,1
140737274657408,unknown,1
140737248920640,unknown,1
140737346801608,unknown,1
140737248190872,unknown,1
140737248594696,unknown,1
140737237209288,unknown,1
93825006451120,unknown,1
140737346172856,unknown,1
140737344961200,unknown,1
140737268945912,unknown,1
93824996450200,unknown,1
93824996086240,unknown,1
93825004648568,unknown,1
140737248616176,unknown,1
93825006232168,unknown,1
140737347104832,unknown,1
140737248657720,unknown,1
140737237917752,unknown,1
93825003622744,unknown,1
93824997204608,unknown,1
140737248647688,unknown,1
140737282950448,unknown,1
140737344961424,unknown,1
93824998976144,unknown,1
93825006620848,unknown,1
93825006544480,unknown,1
93825006567424,unknown,1
140737237456192,unknown,1
140737263645552,unknown,1
140737237032996,unknown,1
93825004777200,unknown,1
93825006412832,unknown,1
140737346881656,unknown,1
140737346397120,unknown,1
140737285116552,unknown,1
140737290052880,unknown,1
140737286033080,unknown,1
140737236985984,unknown,1
140737257677008,unknown,1
140737245305072,unknown,1
140737250903856,unknown,1
140737248218904,unknown,1
93825002645760,unknown,1
140737258050816,unknown,1
93825003241072,unknown,1
140737274155472,unknown,1
93825001555640,unknown,1
140737248835512,unknown,1
93825006374912,unknown,1
140737237209124,unknown,1
93825005465080,unknown,1
140737345082528,unknown,1
140737255149312,unknown,1
140737344378752,unknown,1
140737238475456,unknown,1
93825001546992,unknown,1
93825004651136,unknown,1
140737242142584,unknown,1
140737257954896,unknown,1
140737344376576,unknown,1
140737248821256,unknown,1
140737346655524,unknown,1
140737344359488,unknown,1
93825004653344,unknown,1
140737347146224,unknown,1
140737346187760,unknown,1
140737248572928,unknown,1
140737245178992,unknown,1
93825004092656,unknown,1
93825005966144,unknown,1
93825005948368,unknown,1
140737241248112,unknown,1
140737241492240,unknown,1
140737242481072,unknown,1
140737244103472,unknown,1
140737243935632,unknown,1
93825004382016,unknown,1
140737248327232,unknown,1
93824993777064,unknown,1
93824993766968,unknown,1
93824993772080,unknown,1
93824993722720,unknown,1
140737353344076,unknown,1
93824992255288,unknown,1
140737354129680,unknown,1
93824993634576,unknown,1
93824992313584,unknown,1
140737354129632,unknown,1
93824993717976,unknown,1
140737351565862,unknown,1
93824993662152,unknown,1
140737351056084,unknown,1
93824993767576,unknown,1
93824992518440,unknown,1
140737354129664,unknown,1
140737353740688,unknown,1
93824993745960,unknown,1
93825007004304,unknown,1
140737234755620,unknown,1
140737286718768,unknown,1
140737488334840,unknown,1
140737257402896,unknown,1
140737354118688,unknown,1
93824993762008,unknown,1
93824993764072,unknown,1
140737351574740,unknown,1
140737351587220,unknown,1
93824993603188,unknown,1
93824993426692,unknown,1
93824993603628,unknown,1
140737353804380,unknown,1
93824992264360,unknown,1
93824993754264,unknown,1
93824993416652,unknown,1
93824993781020,unknown,1
140737354128910,unknown,1
140737351305744,unknown,1
140737347222996,unknown,1
93825005111630,unknown,1
93825004831288,unknown,1
140737290034240,unknown,1
140737248244252,unknown,1
140737285436480,unknown,1
140737237205616,unknown,1
140737258453560,unknown,1
140737257980592,unknown,1
140737353704632,unknown,1
140737350492528,unknown,1
93825003807454,unknown,1
93825000334368,unknown,1
140737285069120,unknown,1
140737248702000,unknown,1
140737344342144,unknown,1
140737350532886,unknown,1
140737243623136,unknown,1
140737344362232,unknown,1
140737257974224,unknown,1
93824992505432,unknown,1
140737354130941,unknown,1
93824993687192,unknown,1
93824993718272,unknown,1
140737488339224,unknown,1
140737258453568,unknown,1
140737259401272,unknown,1
140737251082352,unknown,1
93825004571952,unknown,1
140737248621592,unknown,1
140737250320408,unknown,1
93825002551312,unknown,1
93825006395960,unknown,1
93825005630928,unknown,1
140737343866480,unknown,1
93825002964912,unknown,1
140737266533824,unknown,1
140737346556224,unknown,1
140737274241096,unknown,1
140737236975652,unknown,1
140737259473720,unknown,1
140737265428600,unknown,1
93825002249288,unknown,1
140737285541832,unknown,1
140737257943096,unknown,1
93824998315224,unknown,1
140737343738440,unknown,1
140737289939960,unknown,1
140737344809744,unknown,1
140737284303344,unknown,1
140737286918848,unknown,1
93824994892556,unknown,1
140737263607844,unknown,1
140737263636516,unknown,1
93824996786608,unknown,1
93824997236472,unknown,1
140737345321440,unknown,1
140737344734704,unknown,1
140737283665880,unknown,1
93824999121744,unknown,1
140737350561494,unknown,1
93825000654336,unknown,1
140737283985888,unknown,1
140737350486992,unknown,1
140737270195296,unknown,1
140737274650992,unknown,1
140737286644992,unknown,1
140737285989504,unknown,1
140737258061248,unknown,1
93824992257004,unknown,1
140737346552936,unknown,1
140737285063632,unknown,1
140737345678072,unknown,1
140737257704584,unknown,1
140737343763960,unknown,1
93825000580632,unknown,1
140737259402816,unknown,1
140737257334392,unknown,1
140737283205912,unknown,1
140737266615376,unknown,1
140737269608307,unknown,1
140737268977712,unknown,1
140737352681496,unknown,1
140737264318488,unknown,1
93824996415440,unknown,1
140737344264320,unknown,1
93824996998669,unknown,1
140737283504672,unknown,1
140737344949256,unknown,1
140737286077440,unknown,1
140737266606968,unknown,1
140737264914468,unknown,1
93825000962864,unknown,1
93824996399664,unknown,1
140737270159048,unknown,1
140737345216360,unknown,1
140737347368032,unknown,1
140737263866368,unknown,1
140737268938768,unknown,1
140737270132304,unknown,1
93825000924096,unknown,1
140737345382720,unknown,1
93825001048176,unknown,1
140737345149984,unknown,1
93824997273792,unknown,1
140737263269312,unknown,1
93825000652704,unknown,1
93825000675945,unknown,1
140737262833626,unknown,1
140737283609504,unknown,1
140737267039200,unknown,1
140737263241600,unknown,1
140737274011734,unknown,1
140737266577456,unknown,1
93825000841440,unknown,1
140737264721072,unknown,1
140737283456456,unknown,1
140737343343552,unknown,1
93824996415184,unknown,1
140737272522880,unknown,1
140737244381768,unknown,1
93825001757184,unknown,1
140737283602904,unknown,1
140737283578040,unknown,1
140737347215984,unknown,1
140737344374904,unknown,1
140737254887460,unknown,1
140737344313296,unknown,1
140737283412032,unknown,1
140737353745643,unknown,1
93825000340733,unknown,1
140737257328676,unknown,1
140737259401252,unknown,1
140737259507748,unknown,1
140737259593764,unknown,1
93825001399232,unknown,1
140737283410592,unknown,1
140737323651072,unknown,1
140737323442176,unknown,1
140737323233280,unknown,1
140737323032576,unknown,1
140737322577920,unknown,1
140737322381312,unknown,1
140737322192896,unknown,1
140737322000384,unknown,1
140737321541632,unknown,1
140737257611300,unknown,1
140737321119744,unknown,1
140737324929024,unknown,1
140737257943792,unknown,1
93824997218864,unknown,1
140737283368808,unknown,1
140737283376440,unknown,1
140737283465456,unknown,1
140737345310384,unknown,1
93824996452760,unknown,1
140737321324544,unknown,1
140737284317720,unknown,1
93825001638856,unknown,1
140737257219864,unknown,1
140737257896360,unknown,1
140737270165568,unknown,1
140737282054168,unknown,1
140737274639744,unknown,1
140737262324360,unknown,1
140737259360312,unknown,1
140737257775352,unknown,1
140737256628260,unknown,1
93824996338800,unknown,1
140737274452032,unknown,1
140737258159264,unknown,1
140737255018532,unknown,1
93825002438792,unknown,1
140737255190564,unknown,1
140737258448352,unknown,1
93824999938560,unknown,1
93825001588264,unknown,1
140737264898816,unknown,1
140737257893924,unknown,1
140737284358320,unknown,1
93825001739568,unknown,1
140737344574912,unknown,1
140737344314304,unknown,1
140737343333216,unknown,1
140737268855416,unknown,1
140737268857144,unknown,1
140737346987456,unknown,1
93824999830432,unknown,1
140737257796792,unknown,1
140737285807312,unknown,1
140737284541168,unknown,1
140737258090696,unknown,1
93825001485056,unknown,1
93825001390496,unknown,1
140737257820176,unknown,1
93824994922320,unknown,1
140737250322688,unknown,1
140737345088888,unknown,1
140737290091720,unknown,1
140737257711792,unknown,1
140737250258744,unknown,1
140737344949432,unknown,1
140737347234280,unknown,1
140737344960704,unknown,1
140737263616056,unknown,1
93824998140621,unknown,1
140737249525096,unknown,1
140737274525488,unknown,1
140737344375808,unknown,1
93824994913232,unknown,1
140737345180992,unknown,1
93824996441488,unknown,1
140737258364736,unknown,1
140737347376528,unknown,1
140737265353856,unknown,1
140737255084088,unknown,1
140737254309944,unknown,1
140737253930216,unknown,1
140737257370888,unknown,1
140737345795392,unknown,1
140737274155464,unknown,1
140737290091704,unknown,1
140737255192520,unknown,1
93825002274792,unknown,1
140737250149824,unknown,1
140737252820280,unknown,1
140737282177072,unknown,1
140737283405640,unknown,1
93825002421952,unknown,1
140737347337016,unknown,1
140737284315840,unknown,1
93825002773080,unknown,1
140737345705856,unknown,1
140737344579128,unknown,1
140737344386680,unknown,1
140737283321936,unknown,1
140737343714304,unknown,1
140737283696432,unknown,1
140737283646392,unknown,1
140737354131000,unknown,1
140737277819459,unknown,1
140737256770480,unknown,1
140737346991228,unknown,1
140737346187664,unknown,1
140737253946624,unknown,1
140737282850104,unknown,1
140737254838760,unknown,1
140737254994856,unknown,1
140737258148944,unknown,1
93824994856907,unknown,1
140737255150520,unknown,1
140737268817568,unknown,1
140737257287728,unknown,1
140737285343808,unknown,1
140737254329984,unknown,1
140737345670400,unknown,1
140737284795576,unknown,1
140737270165560,unknown,1
140737255134136,unknown,1
93825000609816,unknown,1
93824996151280,unknown,1
140737253221792,unknown,1
140737252651044,unknown,1
140737250213924,unknown,1
93825002893312,unknown,1
140737285152832,unknown,1
140737252885952,unknown,1
140737250136665,unknown,1
140737251278884,unknown,1
140737250902052,unknown,1
140737251033124,unknown,1
93825003324968,unknown,1
140737258036576,unknown,1
140737252724772,unknown,1
140737290194808,unknown,1
140737262133284,unknown,1
140737286299584,unknown,1
93825001181720,unknown,1
140737353890736,unknown,1
140737267519912,unknown,1
93824999976328,unknown,1
140737283482808,unknown,1
140737253718328,unknown,1
140737265337440,unknown,1
140737286274897,unknown,1
140737283409080,unknown,1
140737283596928,unknown,1
93824996237488,unknown,1
140737265541176,unknown,1
93825001293408,unknown,1
93824996001744,unknown,1
140737283660216,unknown,1
140737283614328,unknown,1
140737262153864,unknown,1
140737268954664,unknown,1
140737270263128,unknown,1
140737274408600,unknown,1
140737274092600,unknown,1
140737258283240,unknown,1
140737346188176,unknown,1
93824997107232,unknown,1
93825001500696,unknown,1
140737343407264,unknown,1
140737346587280,unknown,1
140737344553520,unknown,1
140737346398648,unknown,1
93824998820480,unknown,1
140737274589888,unknown,1
140737290247104,unknown,1
140737285449792,unknown,1
140737286922608,unknown,1
140737352436616,unknown,1
140737284739840,unknown,1
93825001591760,unknown,1
140737283539824,unknown,1
140737283412848,unknown,1
140737266599144,unknown,1
140737252440880,unknown,1
140737251304256,unknown,1
140737346863480,unknown,1
140737346605808,unknown,1
140737252621232,unknown,1
140737343431136,unknown,1
93824996328768,unknown,1
140737283341880,unknown,1
140737346377104,unknown,1
140737264728992,unknown,1
140737345225896,unknown,1
140737255199496,unknown,1
140737254340520,unknown,1
140737253589048,unknown,1
140737253373480,unknown,1
140737258106760,unknown,1
140737346310920,unknown,1
140737345465864,unknown,1
140737285199816,unknown,1
140737352460088,unknown,1
140737283982240,unknown,1
140737291217864,unknown,1
140737259569168,unknown,1
93825000954024,unknown,1
93824997151325,unknown,1
140737347038740,unknown,1
140737346456048,unknown,1
93824999335808,unknown,1
93824996608608,unknown,1
93825000623664,unknown,1
140737250824256,unknown,1
93825000654744,unknown,1
140737254942816,unknown,1
140737343689416,unknown,1
140737343845968,unknown,1
140737256907056,unknown,1
140737302335488,unknown,1
140737301909504,unknown,1
140737318838272,unknown,1
140737353250952,unknown,1
140737348858709,unknown,1
140737353815296,unknown,1
93824992321720,unknown,1
140737349189981,unknown,1
140737323847680,unknown,1
140737345077648,unknown,1
479,file,1
140737352719072,unknown,1
140737234293360,unknown,1
140737345956472,unknown,1
93824995965065,unknown,1
140737345698144,unknown,1
140737347137456,unknown,1
140737347325264,unknown,1
140737348858996,unknown,1
140737248901680,unknown,1
140737250356080,unknown,1
140737282865136,unknown,1
140737248390220,unknown,1
140737234272736,unknown,1
140737285067760,unknown,1
93824996948872,unknown,1
140737254903632,unknown,1
93824993428975,unknown,1
140737302523904,unknown,1
140737348628648,unknown,1
140737304170496,unknown,1
140737303986176,unknown,1
140737303777280,unknown,1
140737303584768,unknown,1
140737303355392,unknown,1
140737303146496,unknown,1
140737302937600,unknown,1
140737302728704,unknown,1
93824993440189,unknown,1
140737306972160,unknown,1
140737306374144,unknown,1
140737306177536,unknown,1
140737305985024,unknown,1
140737305796608,unknown,1
140737305600000,unknown,1
140737305382912,unknown,1
140737305174016,unknown,1
140737301684224,unknown,1
140737338548848,unknown,1
93824995891364,unknown,1
93824995992916,unknown,1
140737338480032,unknown,1
93824995932360,unknown,1
93824995988640,unknown,1
93824993703256,unknown,1
93824992334122,unknown,1
93824995920400,unknown,1
140737308655616,unknown,1
140737312473088,unknown,1
140737312272384,unknown,1
140737312071680,unknown,1
140737311678464,unknown,1
140737311207424,unknown,1
140737310998528,unknown,1
140737310777344,unknown,1
140737310593024,unknown,1
140737310388224,unknown,1
140737307369472,unknown,1
140737309728768,unknown,1
140737309536256,unknown,1
140737309315072,unknown,1
140737308860416,unknown,1
140737304748032,unknown,1
140737308442624,unknown,1
140737308237824,unknown,1
140737308024832,unknown,1
140737307811840,unknown,1
140737309908992,unknown,1
93824992263144,unknown,1
93825000019492,unknown,1
140737345956416,unknown,1
140737346170936,unknown,1
140737256875704,unknown,1
140737285093040,unknown,1
140737252539512,unknown,1
140737258369080,unknown,1
140737238440240,unknown,1
140737344651640,unknown,1
140737268840904,unknown,1
93825004495864,unknown,1
140737262218872,unknown,1
140737282953096,unknown,1
93825002514584,unknown,1
140737346270040,unknown,1
140737282942768,unknown,1
140737286485488,unknown,1
140737284269048,unknown,1
140737344973536,unknown,1
140737345204600,unknown,1
140737344991268,unknown,1
140737345442896,unknown,1
140737345706680,unknown,1
93824996577264,unknown,1
140737284713840,unknown,1
140737353857293,unknown,1
140737346249112,unknown,1
140737347095168,unknown,1
140737345179684,unknown,1
140737345883232,unknown,1
140737345908772,unknown,1
140737346269880,unknown,1
93824996428688,unknown,1
140737346511552,unknown,1
140737346363428,unknown,1
140737346199588,unknown,1
140737346617380,unknown,1
140737346588728,unknown,1
140737287008304,unknown,1
140737345716992,unknown,1
140737284705424,unknown,1
140737290756160,unknown,1
140737282290160,unknown,1
140737245274592,unknown,1
140737282810112,unknown,1
93825001115440,unknown,1
140737257703800,unknown,1
93825001840600,unknown,1
140737286430768,unknown,1
140737245392920,unknown,1
93825001427408,unknown,1
93825004385032,unknown,1
140737243252848,unknown,1
93824999168736,unknown,1
140737285069920,unknown,1
93825002668128,unknown,1
93825001337088,unknown,1
140737286459440,unknown,1
93824996163032,unknown,1
140737274290232,unknown,1
140737286541848,unknown,1
140737237913656,unknown,1
140737254944824,unknown,1
140737282941048,unknown,1
140737345672024,unknown,1
140737264778424,unknown,1
140737344607408,unknown,1
140737234827384,unknown,1
93825006811432,unknown,1
140737236224504,unknown,1
140737236940728,unknown,1
140737236889648,unknown,1
140737237373872,unknown,1
93824995858752,unknown,1
140737346489680,unknown,1
140737274170760,unknown,1
140737235279352,unknown,1
140737312391168,unknown,1
140737312165888,unknown,1
140737311690752,unknown,1
140737311502336,unknown,1
140737311326208,unknown,1
140737311133696,unknown,1
140737310453760,unknown,1
140737314529280,unknown,1
93824995885778,unknown,1
140737320255488,unknown,1
140737320042496,unknown,1
140737319833600,unknown,1
140737319632896,unknown,1
140737319432192,unknown,1
140737319178240,unknown,1
140737318993920,unknown,1
140737318785024,unknown,1
140737318608896,unknown,1
140737320472576,unknown,1
140737317556224,unknown,1
140737317351424,unknown,1
140737316864000,unknown,1
140737316655104,unknown,1
140737316442112,unknown,1
140737316257792,unknown,1
140737316048896,unknown,1
140737315581952,unknown,1
140737315401728,unknown,1
140737312587776,unknown,1
140737314979840,unknown,1
140737310228480,unknown,1
140737314332672,unknown,1
140737314111488,unknown,1
140737313923072,unknown,1
140737313710080,unknown,1
140737313243136,unknown,1
140737313034240,unknown,1
140737312821248,unknown,1
140737315196928,unknown,1
140737349068720,unknown,1
140737347883424,unknown,1
140737351206072,unknown,1
140737351694937,unknown,1
140737351315492,unknown,1
140737348987604,unknown,1
140737351720218,unknown,1
140736227692544,unknown,1
140737318166528,unknown,1
140737326211072,unknown,1
140737326018560,unknown,1
140737325813760,unknown,1
140737325621248,unknown,1
140737325137920,unknown,1
140737320919040,unknown,1
140737324720128,unknown,1
140737324503040,unknown,1
140737324302336,unknown,1
140737326407680,unknown,1
140737317982208,unknown,1
140737317801984,unknown,1
140737317593088,unknown,1
140737302364160,unknown,1
140737316974592,unknown,1
140737316794368,unknown,1
140737316356096,unknown,1
140737316167680,unknown,1
140737315975168,unknown,1
140737317158912,unknown,1
140737315090432,unknown,1
140737314865152,unknown,1
140737314656256,unknown,1
140737314426880,unknown,1
140737314205696,unknown,1
140737313988608,unknown,1
140737313538048,unknown,1
140737313325056,unknown,1
140737313112064,unknown,1
140737315766272,unknown,1
140737345856176,unknown,1
93824995943056,unknown,1
93824992256128,unknown,1
140737353782432,unknown,1
93824993595248,unknown,1
140737354123936,unknown,1
140737351619567,unknown,1
93824993819784,unknown,1
140737317781504,unknown,1
93824993745628,unknown,1
93824992268392,unknown,1
140737353851846,unknown,1
93824993757808,unknown,1
140737351307496,unknown,1
93824993814528,unknown,1
140737353512984,unknown,1
140737353522312,unknown,1
140737353550528,unknown,1
93824993438061,unknown,1
93824995978024,unknown,1
93824995978032,unknown,1
140737488076856,unknown,1
140737352983952,unknown,1
93825007163400,unknown,1
140737343292464,unknown,1
140737330699760,unknown,1
140737332021590,unknown,1
140737350358896,unknown,1
93824996012216,unknown,1
93824995373240,unknown,1
93824995160136,unknown,1
93824994959544,unknown,1
93824994742408,unknown,1
93824994521192,unknown,1
93824993906728,unknown,1
93824993685576,unknown,1
93824993275976,unknown,1
93824993067320,unknown,1
93824995577992,unknown,1
140737306079232,unknown,1
140737305894912,unknown,1
140737305681920,unknown,1
140737305477120,unknown,1
140737304997888,unknown,1
140737304797184,unknown,1
140737304567808,unknown,1
140737304350720,unknown,1
140737304145920,unknown,1
93824993797416,unknown,1
140737303482368,unknown,1
140737303261184,unknown,1
140737303035904,unknown,1
140737302794240,unknown,1
140737302573056,unknown,1
140737306279936,unknown,1
140737318617088,unknown,1
140737318154240,unknown,1
140737317965824,unknown,1
140737303699456,unknown,1
93824993602504,unknown,1
140737353461257,unknown,1
93824993813040,unknown,1
93824993761960,unknown,1
140737351304896,unknown,1
140737348356343,unknown,1
93824993717980,unknown,1
140737310027776,unknown,1
140737309831168,unknown,1
140737312923648,unknown,1
140737309147136,unknown,1
140737308921856,unknown,1
140737308708864,unknown,1
140737308499968,unknown,1
140737308270592,unknown,1
140737308061696,unknown,1
140737307582464,unknown,1
140737307373568,unknown,1
140737306980352,unknown,1
140737309372416,unknown,1
